document_modified,term_localName,term_isDefinedBy,term_created,term_modified,term_deprecated,replaces_term,replaces1_term,replaces2_term,label,rdfs_comment,dcterms_description,examples,rdf_type,tdwgutility_abcdEquivalence,tdwgutility_organizedInClass,tdwgutility_decision,tdwgutility_usageScope
2026-09-17T00:00:00+02:00,absentTaxa,http://rs.tdwg.org/eco/iri/,2024-03-26,2026-09-17,,,,,Absent Taxa,A taxon reported absent during an eco:Survey.,Absences can be reported at any taxonomic level. Terms in the ecoiri: namespace are intended to be used in RDF with non-literal objects.,,http://www.w3.org/1999/02/22-rdf-syntax-ns#Property,not in ABCD,http://rs.tdwg.org/dwc/terms/attributes/UseWithIRI,,extension
2026-09-17T00:00:00+02:00,compilationSourceTypes,http://rs.tdwg.org/eco/iri/,2024-03-26,2026-09-17,,,,,Compilation Source Types,The type of data source contributing to the compilation reported.,This term is only relevant if the eco:Survey is a compilation in which one or more types of data sources were used. Terms in the ecoiri: namespace are intended to be used in RDF with non-literal objects.,,http://www.w3.org/1999/02/22-rdf-syntax-ns#Property,not in ABCD,http://rs.tdwg.org/dwc/terms/attributes/UseWithIRI,,extension
2026-09-17T00:00:00+02:00,compilationTypes,http://rs.tdwg.org/eco/iri/,2024-03-26,2026-09-17,,,,,Compilation Types,"A statement specifying whether data reported are derived from sampling events, ancillary data compiled from other sources, or a combination of both.",This term is only relevant if the eco:Survey is an inventory. Recommended best practice is to use an IRI from a controlled vocabulary. Terms in the ecoiri: namespace are intended to be used in RDF with non-literal objects.,,http://www.w3.org/1999/02/22-rdf-syntax-ns#Property,not in ABCD,http://rs.tdwg.org/dwc/terms/attributes/UseWithIRI,,extension
2024-03-26T14:27:47-05:00,eventDurationUnit,http://rs.tdwg.org/eco/iri/,2024-03-26,2024-03-26,,,,,Event Duration Unit (IRI),The units associated with the eco:eventDurationValue.,"Recommended best practice is to use an IRI from a controlled vocabulary of SI units, derived units, or other non-SI units accepted for use within the SI.",,http://www.w3.org/1999/02/22-rdf-syntax-ns#Property,not in ABCD,http://rs.tdwg.org/dwc/terms/attributes/UseWithIRI,,
2026-09-17T00:00:00+02:00,excludedDegreeOfEstablishmentScope,http://rs.tdwg.org/eco/iri/,2024-03-26,2026-09-17,,,,,Excluded Degree of Establishment Scope,The degree of establishment of the dwc:Organisms explicitly excluded from sampling during an eco:Survey.,"Recommended best practice is to use an IRI from the controlled vocabulary designated for use with this term, listed at http://rs.tdwg.org/dwc/doc/doe/. For details, refer to https://doi.org/10.3897/biss.3.38084 . Terms in the ecoiri: namespace are intended to be used in RDF with non-literal objects.",`http://rs.tdwg.org/dwcem/values/e001`; `http://rs.tdwg.org/dwcem/values/e005`,http://www.w3.org/1999/02/22-rdf-syntax-ns#Property,not in ABCD,http://rs.tdwg.org/dwc/terms/attributes/UseWithIRI,,extension
2026-09-17T00:00:00+02:00,excludedGrowthFormScope,http://rs.tdwg.org/eco/iri/,2024-03-26,2026-09-17,,,,,Excluded Growth Form Scope,The growth form or habit of the dwc:Organisms explicitly excluded from sampling during an eco:Survey.,Recommended best practice is to use an IRI from a controlled vocabulary. Terms in the ecoiri: namespace are intended to be used in RDF with non-literal objects.,,http://www.w3.org/1999/02/22-rdf-syntax-ns#Property,not in ABCD,http://rs.tdwg.org/dwc/terms/attributes/UseWithIRI,,extension
2026-09-17T00:00:00+02:00,excludedHabitatScope,http://rs.tdwg.org/eco/iri/,2024-03-26,2026-09-17,,,,,Excluded Habitat Scope,The habitat explicitly excluded from sampling during an eco:Survey.,Recommended best practice is to use an IRI from a controlled vocabulary. Terms in the ecoiri: namespace are intended to be used in RDF with non-literal objects.,,http://www.w3.org/1999/02/22-rdf-syntax-ns#Property,not in ABCD,http://rs.tdwg.org/dwc/terms/attributes/UseWithIRI,,extension
2026-09-17T00:00:00+02:00,excludedLifeStageScope,http://rs.tdwg.org/eco/iri/,2024-03-26,2026-09-17,,,,,Excluded Life Stage Scope,The age class or life stage of the dwc:Organisms explicitly excluded from sampling during an eco:Survey.,This term is defined based on dwciri:lifeStage (http://rs.tdwg.org/dwc/terms/iri/lifeStage). Recommended best practice is to use an IRI from the same controlled vocabulary as for dwciri:lifeStage. Terms in the ecoiri: namespace are intended to be used in RDF with non-literal objects.,,http://www.w3.org/1999/02/22-rdf-syntax-ns#Property,not in ABCD,http://rs.tdwg.org/dwc/terms/attributes/UseWithIRI,,extension
2026-09-17T00:00:00+02:00,excludedTaxonomicScope,http://rs.tdwg.org/eco/iri/,2024-03-26,2026-09-17,,,,,Excluded Taxonomic Scope,The taxonomic group explicitly excluded from sampling during an eco:Survey.,"The eco:Survey to which the ecoiri:excludedTaxonomicScope refers could be at any level of hierarchy. In the case of a higher level (parent) eco:Survey, include all the taxonomic groups explicitly excluded from the child eco:Surveys that contributed to the parent eco:Survey. Terms in the ecoiri: namespace are intended to be used in RDF with non-literal objects.",,http://www.w3.org/1999/02/22-rdf-syntax-ns#Property,not in ABCD,http://rs.tdwg.org/dwc/terms/attributes/UseWithIRI,,extension
2026-09-17T00:00:00+02:00,geospatialScopeAreaUnit,http://rs.tdwg.org/eco/iri/,2024-03-26,2026-09-17,,,,,Geospatial Scope Area Unit,The units associated with eco:geospatialScopeAreaValue.,Recommended best practice is to use a controlled vocabulary. Terms in the dwciri: namespace are intended to be used in RDF with non-literal objects.,,http://www.w3.org/1999/02/22-rdf-syntax-ns#Property,not in ABCD,http://rs.tdwg.org/dwc/terms/attributes/UseWithIRI,,extension
2026-09-17T00:00:00+02:00,inventoryTypes,http://rs.tdwg.org/eco/iri/,2024-03-26,2026-09-17,,,,,Inventory Types,The type of search process used to conduct an eco:Survey.,This term is only relevant if the eco:Survey represents an inventory. Recommended best practice is to use an IRI from a controlled vocabulary. Terms in the ecoiri: namespace are intended to be used in RDF with non-literal objects.,,http://www.w3.org/1999/02/22-rdf-syntax-ns#Property,not in ABCD,http://rs.tdwg.org/dwc/terms/attributes/UseWithIRI,,extension
2026-09-17T00:00:00+02:00,materialSampleTypes,http://rs.tdwg.org/eco/iri/,2024-03-26,2026-09-17,,,,,Material Sample Types,A material sample type collected during the eco:Survey.,Recommended best practice is to use an IRI from a controlled vocabulary. Terms in the ecoiri: namespace are intended to be used in RDF with non-literal objects.,,http://www.w3.org/1999/02/22-rdf-syntax-ns#Property,not in ABCD,http://rs.tdwg.org/dwc/terms/attributes/UseWithIRI,,extension
2026-09-17T00:00:00+02:00,nonTargetTaxa,http://rs.tdwg.org/eco/iri/,2024-03-26,2026-09-17,,,,,Non-target Taxa,A taxon reported during the dwc:Survey that is outside of the target taxonomic scope (the combination of ecoiri:targetTaxonomicScope and ecoiri:excludedTaxonomicScope).,This term is meant to allow a taxon that is considered outside of the taxonomic scope and yet was reported in the dataset to be shared. This term is relevant only if a target taxonomic scope is declared and eco:hasNonTargetTaxa is ‘true’. Taxonomic scope is based on the combination of ecoiri:targetTaxonomicScope and ecoiri:excludedTaxonomicScope. Non-target taxa (in some disciplines called “bycatch”) can be reported at any taxonomic level. Terms in the ecoiri: namespace are intended to be used in RDF with non-literal objects.,,http://www.w3.org/1999/02/22-rdf-syntax-ns#Property,not in ABCD,http://rs.tdwg.org/dwc/terms/attributes/UseWithIRI,,extension
2026-09-17T00:00:00+02:00,protocolNames,http://rs.tdwg.org/eco/iri/,2024-03-26,2026-09-17,,,,,Protocol Names,An IRI identifying a categorical descriptive name for the methods used during an eco:Survey.,Recommended best practice is to use an IRI from a controlled vocabulary. Terms in the ecoiri: namespace are intended to be used in RDF with non-literal objects.,,http://www.w3.org/1999/02/22-rdf-syntax-ns#Property,not in ABCD,http://rs.tdwg.org/dwc/terms/attributes/UseWithIRI,,extension
2025-08-17T14:26:42-05:00,samplingEffortProtocol,http://rs.tdwg.org/eco/iri/,2024-03-26,2025-07-10,,,,,Sampling Effort Protocol (IRI),"A method or protocol used to determine the sampling effort, denoted by an IRI.","This protocol should be associated with the values reported in eco:samplingEffortValue and eco:samplingEffortUnit. This is a specialization of eco:protocolDescriptions focused on effort, distinct from the survey method. The effort relates to the intensity of sampling and therefore can assist in interpreting estimates of completeness. Terms in the ecoiri: namespace are intended to be used in RDF with non-literal objects.",,http://www.w3.org/1999/02/22-rdf-syntax-ns#Property,not in ABCD,http://rs.tdwg.org/dwc/terms/attributes/UseWithIRI,,
2026-09-17T00:00:00+02:00,samplingEffortUnit,http://rs.tdwg.org/eco/iri/,2024-03-26,2026-09-17,,,,,Sampling Effort Unit,The units associated with an eco:samplingEffortValue.,Recommended best practice is to use a controlled vocabulary. Terms in the dwciri: namespace are intended to be used in RDF with non-literal objects.,,http://www.w3.org/1999/02/22-rdf-syntax-ns#Property,not in ABCD,http://rs.tdwg.org/dwc/terms/attributes/UseWithIRI,,extension
2026-09-17T00:00:00+02:00,samplingPerformedBy,http://rs.tdwg.org/eco/iri/,2024-03-26,2026-09-17,,,,,Sampling Performed By,"A person, group, or organization responsible for recording an eco:Survey.","An eco:Survey could be at any level of hierarchy. In the case of a higher level (parent) eco:Survey, include all the organizations or people involved in the child eco:Surveys that contributed to the parent eco:Survey. Terms in the ecoiri: namespace are intended to be used in RDF with non-literal objects.",,http://www.w3.org/1999/02/22-rdf-syntax-ns#Property,not in ABCD,http://rs.tdwg.org/dwc/terms/attributes/UseWithIRI,,extension
2026-09-17T00:00:00+02:00,targetDegreeOfEstablishmentScope,http://rs.tdwg.org/eco/iri/,2024-03-26,2026-09-17,,,,,Target Degree of Establishment Scope,The degree of establishment of the dwc:Organisms targeted for sampling during an eco:Survey.,"Recommended best practice is to use an IRI from the controlled vocabulary designated for use with this term, listed at http://rs.tdwg.org/dwc/doc/doe/. For details, refer to https://doi.org/10.3897/biss.3.38084 . Terms in the ecoiri: namespace are intended to be used in RDF with non-literal objects.",`http://rs.tdwg.org/dwcem/values/e001`; `http://rs.tdwg.org/dwcem/values/e005`,http://www.w3.org/1999/02/22-rdf-syntax-ns#Property,not in ABCD,http://rs.tdwg.org/dwc/terms/attributes/UseWithIRI,,extension
2026-09-17T00:00:00+02:00,targetGrowthFormScope,http://rs.tdwg.org/eco/iri/,2024-03-26,2026-09-17,,,,,Target Growth Form Scope,The growth form or habit of the dwc:Organisms targeted for sampling during the eco:Survey.,Recommended best practice is to use an IRI from a controlled vocabulary. Terms in the ecoiri: namespace are intended to be used in RDF with non-literal objects.,,http://www.w3.org/1999/02/22-rdf-syntax-ns#Property,not in ABCD,http://rs.tdwg.org/dwc/terms/attributes/UseWithIRI,,extension
2026-09-17T00:00:00+02:00,targetHabitatScope,http://rs.tdwg.org/eco/iri/,2024-03-26,2026-09-17,,,,,Target Habitat Scope,The habitat targeted for sampling during an eco:Survey.,Recommended best practice is to use an IRI from a controlled vocabulary. Terms in the ecoiri: namespace are intended to be used in RDF with non-literal objects.,,http://www.w3.org/1999/02/22-rdf-syntax-ns#Property,not in ABCD,http://rs.tdwg.org/dwc/terms/attributes/UseWithIRI,,extension
2026-09-17T00:00:00+02:00,targetLifeStageScope,http://rs.tdwg.org/eco/iri/,2024-03-26,2026-09-17,,,,,Target Life Stage Scope,The age class or life stage of the dwc:Organisms targeted for sampling during an eco:Survey.,This term is defined based on dwciri:lifeStage (http://rs.tdwg.org/dwc/terms/iri/lifeStage). Recommended best practice is to use an IRI from the same controlled vocabulary as for dwciri:lifeStage. Terms in the ecoiri: namespace are intended to be used in RDF with non-literal objects.,,http://www.w3.org/1999/02/22-rdf-syntax-ns#Property,not in ABCD,http://rs.tdwg.org/dwc/terms/attributes/UseWithIRI,,extension
2026-09-17T00:00:00+02:00,targetTaxonomicScope,http://rs.tdwg.org/eco/iri/,2024-03-26,2026-09-17,,,,,Target Taxonomic Scope,The taxonomic group targeted for sampling during an eco:Survey.,"The eco:Survey to which the ecoiri:targetTaxonomicScope refers could be at any level of hierarchy. In the case of a higher level (parent) eco:Survey, include all taxonomic groups surveyed in the child eco:Surveys that contributed to the parent eco:Survey. Terms in the ecoiri: namespace are intended to be used in RDF with non-literal objects.",,http://www.w3.org/1999/02/22-rdf-syntax-ns#Property,not in ABCD,http://rs.tdwg.org/dwc/terms/attributes/UseWithIRI,,extension
2026-09-17T00:00:00+02:00,taxonCompletenessProtocols,http://rs.tdwg.org/eco/iri/,2024-03-26,2026-09-17,,,,,Taxon Completeness Protocols,"A method or protocol used to determine ecoiri:taxonCompletenessReported, denoted by an IRI.",This term allows users to determine how comprehensively an area has been sampled. Terms in the ecoiri: namespace are intended to be used in RDF with non-literal objects.,,http://www.w3.org/1999/02/22-rdf-syntax-ns#Property,not in ABCD,http://rs.tdwg.org/dwc/terms/attributes/UseWithIRI,,extension
2026-09-17T00:00:00+02:00,taxonCompletenessReported,http://rs.tdwg.org/eco/iri/,2024-03-26,2026-09-17,,,,,Taxon Completeness Reported,Statement about whether the taxonomic completeness of an eco:Survey was assessed.,"This term is meant to alert users that the inventory was conducted in such a way that all of the target taxa (the combination of ecoiri:targetTaxonomicScope and ecoiri:excludedTaxonomicScope) should have been detectable if they were present during the dwc:Event. This term can provide data users with a qualitative measure of how comprehensively an area has been surveyed, which assists in interpreting species populations, areas of occupancy, inferring species absences, etc. This term is only relevant if the dwc:Event used restricted search or open search methods. If taxonomic completeness was assessed, the methods used or an explanation of the basis of the completeness should covered by ecoiri:taxonCompletenessProtocols. Recommended best practice is to use an IRI from the controlled vocabulary designated for use with this term, listed at http://rs.tdwg.org/dwc/doc/tcr/. Terms in the ecoiri: namespace are intended to be used in RDF with non-literal objects.",`http://rs.tdwg.org/ecotcr/values/tcr01`; `http://rs.tdwg.org/ecotcr/values/tcr02`,http://www.w3.org/1999/02/22-rdf-syntax-ns#Property,not in ABCD,http://rs.tdwg.org/dwc/terms/attributes/UseWithIRI,,extension
2026-09-17T00:00:00+02:00,totalAreaSampledUnit,http://rs.tdwg.org/eco/iri/,2024-03-26,2026-09-17,,,,,Total Area Sampled Unit,The units associated with eco:totalAreaSampledValue,Recommended best practice is to use a controlled vocabulary. Terms in the dwciri: namespace are intended to be used in RDF with non-literal objects.,,http://www.w3.org/1999/02/22-rdf-syntax-ns#Property,not in ABCD,http://rs.tdwg.org/dwc/terms/attributes/UseWithIRI,,extension
2026-06-05T02:24:27-03:00,surveyTargetType,http://rs.tdwg.org/eco/iri/,2026-05-26,2026-05-26,,,,,Survey Target Type (IRI),A category that best matches the nature of a scope in an eco:SurveyTarget.,Recommended best practice is to use a controlled vocabulary. Terms in the ecoiri: namespace are intended to be used in RDF with non-literal objects.,,http://www.w3.org/1999/02/22-rdf-syntax-ns#Property,not in ABCD,http://rs.tdwg.org/dwc/terms/attributes/UseWithIRI,,
2026-06-05T02:24:27-03:00,surveyTargetValue,http://rs.tdwg.org/eco/iri/,2026-05-26,2026-05-26,,,,,Survey Target Value (IRI),A value to include or exclude in a scope categorized by eco:surveyTargetType.,Recommended best practice is to use a controlled vocabulary. Terms in the ecoiri: namespace are intended to be used in RDF with non-literal objects.,,http://www.w3.org/1999/02/22-rdf-syntax-ns#Property,not in ABCD,http://rs.tdwg.org/dwc/terms/attributes/UseWithIRI,,
2026-06-05T02:24:27-03:00,surveyTargetUnit,http://rs.tdwg.org/eco/iri/,2026-05-26,2026-05-26,,,,,Survey Target Unit (IRI),Unit associated with a value in eco:surveyTargetValue.,Recommended best practice is to use a controlled vocabulary. Terms in the ecoiri: namespace are intended to be used in RDF with non-literal objects.,,http://www.w3.org/1999/02/22-rdf-syntax-ns#Property,not in ABCD,http://rs.tdwg.org/dwc/terms/attributes/UseWithIRI,,
2026-09-17T00:00:00+02:00,surveySiteType,http://rs.tdwg.org/eco/iri/,2026-09-17,2026-09-17,,,,,Survey Site Type (IRI),A spatial category of a sampling location for an eco:Survey.,Terms in the dwciri: namespace are intended to be used in RDF with non-literal objects.,,http://www.w3.org/1999/02/22-rdf-syntax-ns#Property,not in ABCD,http://rs.tdwg.org/dwc/terms/attributes/UseWithIRI,,extension
