version,term_localName
http://rs.tdwg.org/eco/iri/version/absentTaxa-2024-03-26,absentTaxa
http://rs.tdwg.org/eco/iri/version/compilationSourceTypes-2024-03-26,compilationSourceTypes
http://rs.tdwg.org/eco/iri/version/compilationTypes-2024-03-26,compilationTypes
http://rs.tdwg.org/eco/iri/version/eventDurationUnit-2024-03-26,eventDurationUnit
http://rs.tdwg.org/eco/iri/version/excludedDegreeOfEstablishmentScope-2024-03-26,excludedDegreeOfEstablishmentScope
http://rs.tdwg.org/eco/iri/version/excludedGrowthFormScope-2024-03-26,excludedGrowthFormScope
http://rs.tdwg.org/eco/iri/version/excludedHabitatScope-2024-03-26,excludedHabitatScope
http://rs.tdwg.org/eco/iri/version/excludedLifeStageScope-2024-03-26,excludedLifeStageScope
http://rs.tdwg.org/eco/iri/version/excludedTaxonomicScope-2024-03-26,excludedTaxonomicScope
http://rs.tdwg.org/eco/iri/version/geospatialScopeAreaUnit-2024-03-26,geospatialScopeAreaUnit
http://rs.tdwg.org/eco/iri/version/inventoryTypes-2024-03-26,inventoryTypes
http://rs.tdwg.org/eco/iri/version/materialSampleTypes-2024-03-26,materialSampleTypes
http://rs.tdwg.org/eco/iri/version/nonTargetTaxa-2024-03-26,nonTargetTaxa
http://rs.tdwg.org/eco/iri/version/protocolNames-2024-03-26,protocolNames
http://rs.tdwg.org/eco/iri/version/samplingEffortProtocol-2024-03-26,samplingEffortProtocol
http://rs.tdwg.org/eco/iri/version/samplingEffortUnit-2024-03-26,samplingEffortUnit
http://rs.tdwg.org/eco/iri/version/samplingPerformedBy-2024-03-26,samplingPerformedBy
http://rs.tdwg.org/eco/iri/version/targetDegreeOfEstablishmentScope-2024-03-26,targetDegreeOfEstablishmentScope
http://rs.tdwg.org/eco/iri/version/targetGrowthFormScope-2024-03-26,targetGrowthFormScope
http://rs.tdwg.org/eco/iri/version/targetHabitatScope-2024-03-26,targetHabitatScope
http://rs.tdwg.org/eco/iri/version/targetLifeStageScope-2024-03-26,targetLifeStageScope
http://rs.tdwg.org/eco/iri/version/targetTaxonomicScope-2024-03-26,targetTaxonomicScope
http://rs.tdwg.org/eco/iri/version/taxonCompletenessProtocols-2024-03-26,taxonCompletenessProtocols
http://rs.tdwg.org/eco/iri/version/taxonCompletenessReported-2024-03-26,taxonCompletenessReported
http://rs.tdwg.org/eco/iri/version/totalAreaSampledUnit-2024-03-26,totalAreaSampledUnit
http://rs.tdwg.org/eco/iri/version/samplingEffortProtocol-2025-06-12,samplingEffortProtocol
http://rs.tdwg.org/eco/iri/version/absentTaxa-2025-07-10,absentTaxa
http://rs.tdwg.org/eco/iri/version/compilationSourceTypes-2025-07-10,compilationSourceTypes
http://rs.tdwg.org/eco/iri/version/compilationTypes-2025-07-10,compilationTypes
http://rs.tdwg.org/eco/iri/version/excludedDegreeOfEstablishmentScope-2025-07-10,excludedDegreeOfEstablishmentScope
http://rs.tdwg.org/eco/iri/version/excludedGrowthFormScope-2025-07-10,excludedGrowthFormScope
http://rs.tdwg.org/eco/iri/version/excludedHabitatScope-2025-07-10,excludedHabitatScope
http://rs.tdwg.org/eco/iri/version/excludedLifeStageScope-2025-07-10,excludedLifeStageScope
http://rs.tdwg.org/eco/iri/version/excludedTaxonomicScope-2025-07-10,excludedTaxonomicScope
http://rs.tdwg.org/eco/iri/version/inventoryTypes-2025-07-10,inventoryTypes
http://rs.tdwg.org/eco/iri/version/materialSampleTypes-2025-07-10,materialSampleTypes
http://rs.tdwg.org/eco/iri/version/nonTargetTaxa-2025-07-10,nonTargetTaxa
http://rs.tdwg.org/eco/iri/version/protocolNames-2025-07-10,protocolNames
http://rs.tdwg.org/eco/iri/version/samplingEffortProtocol-2025-07-10,samplingEffortProtocol
http://rs.tdwg.org/eco/iri/version/samplingPerformedBy-2025-07-10,samplingPerformedBy
http://rs.tdwg.org/eco/iri/version/targetDegreeOfEstablishmentScope-2025-07-10,targetDegreeOfEstablishmentScope
http://rs.tdwg.org/eco/iri/version/targetGrowthFormScope-2025-07-10,targetGrowthFormScope
http://rs.tdwg.org/eco/iri/version/targetHabitatScope-2025-07-10,targetHabitatScope
http://rs.tdwg.org/eco/iri/version/targetLifeStageScope-2025-07-10,targetLifeStageScope
http://rs.tdwg.org/eco/iri/version/targetTaxonomicScope-2025-07-10,targetTaxonomicScope
http://rs.tdwg.org/eco/iri/version/taxonCompletenessProtocols-2025-07-10,taxonCompletenessProtocols
http://rs.tdwg.org/eco/iri/version/taxonCompletenessReported-2025-07-10,taxonCompletenessReported
http://rs.tdwg.org/eco/iri/version/surveyTargetType-2026-05-26,surveyTargetType
http://rs.tdwg.org/eco/iri/version/surveyTargetValue-2026-05-26,surveyTargetValue
http://rs.tdwg.org/eco/iri/version/surveyTargetUnit-2026-05-26,surveyTargetUnit
http://rs.tdwg.org/eco/iri/version/surveySiteType-2026-09-17,surveySiteType
http://rs.tdwg.org/eco/iri/version/compilationSourceTypes-2026-09-17,compilationSourceTypes
http://rs.tdwg.org/eco/iri/version/compilationTypes-2026-09-17,compilationTypes
http://rs.tdwg.org/eco/iri/version/materialSampleTypes-2026-09-17,materialSampleTypes
http://rs.tdwg.org/eco/iri/version/excludedHabitatScope-2026-09-17,excludedHabitatScope
http://rs.tdwg.org/eco/iri/version/targetHabitatScope-2026-09-17,targetHabitatScope
http://rs.tdwg.org/eco/iri/version/targetGrowthFormScope-2026-09-17,targetGrowthFormScope
http://rs.tdwg.org/eco/iri/version/excludedGrowthFormScope-2026-09-17,excludedGrowthFormScope
http://rs.tdwg.org/eco/iri/version/excludedDegreeOfEstablishmentScope-2026-09-17,excludedDegreeOfEstablishmentScope
http://rs.tdwg.org/eco/iri/version/targetDegreeOfEstablishmentScope-2026-09-17,targetDegreeOfEstablishmentScope
http://rs.tdwg.org/eco/iri/version/excludedLifeStageScope-2026-09-17,excludedLifeStageScope
http://rs.tdwg.org/eco/iri/version/targetLifeStageScope-2026-09-17,targetLifeStageScope
http://rs.tdwg.org/eco/iri/version/nonTargetTaxa-2026-09-17,nonTargetTaxa
http://rs.tdwg.org/eco/iri/version/taxonCompletenessProtocols-2026-09-17,taxonCompletenessProtocols
http://rs.tdwg.org/eco/iri/version/taxonCompletenessReported-2026-09-17,taxonCompletenessReported
http://rs.tdwg.org/eco/iri/version/excludedTaxonomicScope-2026-09-17,excludedTaxonomicScope
http://rs.tdwg.org/eco/iri/version/targetTaxonomicScope-2026-09-17,targetTaxonomicScope
http://rs.tdwg.org/eco/iri/version/absentTaxa-2026-09-17,absentTaxa
http://rs.tdwg.org/eco/iri/version/inventoryTypes-2026-09-17,inventoryTypes
http://rs.tdwg.org/eco/iri/version/geospatialScopeAreaUnit-2026-09-17,geospatialScopeAreaUnit
http://rs.tdwg.org/eco/iri/version/samplingPerformedBy-2026-09-17,samplingPerformedBy
http://rs.tdwg.org/eco/iri/version/samplingEffortUnit-2026-09-17,samplingEffortUnit
http://rs.tdwg.org/eco/iri/version/protocolNames-2026-09-17,protocolNames
http://rs.tdwg.org/eco/iri/version/totalAreaSampledUnit-2026-09-17,totalAreaSampledUnit
