term_localName,label,rdfs_comment,dcterms_description,examples,rdf_type,tdwgutility_abcdEquivalence,tdwgutility_organizedInClass,tdwgutility_decision,tdwgutility_usageScope
bibliographicIdentifierType,Bibliographic Identifier Type (IRI),A code that best matches the nature of an identifier for a dcterms:BibliographicResource.,"Recommended best practice is to use a limited, tightly controlled vocabulary of identifier issuers. Terms in the dwciri: namespace are intended to be used in RDF with non-literal objects.",,http://www.w3.org/1999/02/22-rdf-syntax-ns#Property,not in ABCD,http://rs.tdwg.org/dwc/terms/attributes/UseWithIRI,,extension
classificationSystem,Classification System (IRI),A reference to the classification system in which an authoritative name or formal classification belongs.,Terms in the dwciri: namespace are intended to be used in RDF with non-literal objects.,,http://www.w3.org/1999/02/22-rdf-syntax-ns#Property,not in ABCD,http://rs.tdwg.org/dwc/terms/attributes/UseWithIRI,,simple
geologicEvent,Geologic Event (IRI),A name of an identifiable event during which one or more geologic processes acted to create or modify one or more dwc:GeologicalMaterials.,Terms in the dwciri: namespace are intended to be used in RDF with non-literal objects.,,http://www.w3.org/1999/02/22-rdf-syntax-ns#Property,not in ABCD,http://rs.tdwg.org/dwc/terms/attributes/UseWithIRI,,simple
geologicProvince,Geologic Province (IRI),"An extensive named region with similar geologic history, structural, petrographic, or physiographic features throughout in which the GeologicalContext was located.",Terms in the dwciri: namespace are intended to be used in RDF with non-literal objects.,,http://www.w3.org/1999/02/22-rdf-syntax-ns#Property,not in ABCD,http://rs.tdwg.org/dwc/terms/attributes/UseWithIRI,,simple
hazardType,Hazard Type (IRI),A term that belongs to a hazard classification scheme based on a set of unique characteristics and negative health outcomes.,Recommended best practice is to use a controlled vocabulary such as https://kos.geospecimens.org/vocab/hazard-type. Terms in the dwciri: namespace are intended to be used in RDF with non-literal objects.,,http://www.w3.org/1999/02/22-rdf-syntax-ns#Property,not in ABCD,http://rs.tdwg.org/dwc/terms/attributes/UseWithIRI,,simple
identificationVerificationStatus,Identification Verification Status (IRI),A categorical indicator of the extent to which a dwc:Identification has been verified to be correct.,Recommended best practice is to use a controlled vocabulary such as that used in HISPID and ABCD. Terms in the dwciri: namespace are intended to be used in RDF with non-literal objects.,,http://www.w3.org/1999/02/22-rdf-syntax-ns#Property,not in ABCD,http://rs.tdwg.org/dwc/terms/attributes/UseWithIRI,,simple
materialProportion,Material Proportion (IRI),The qualitative or quantitative abundance of a dwc:MaterialEntity with respect to another dwc:MaterialEntity of which it is a part.,Recommended best practice is to use a controlled vocabulary such as http://resource.geosciml.org/classifier/cgi/proportionterm. Terms in the dwciri: namespace are intended to be used in RDF with non-literal objects.,,http://www.w3.org/1999/02/22-rdf-syntax-ns#Property,not in ABCD,http://rs.tdwg.org/dwc/terms/attributes/UseWithIRI,,simple
materialRole,Material Role (IRI),A category that best matches the nature of the relationship between a dwc:MaterialEntity and another dwc:MaterialEntity of which it is a part.,"Recommended best practice is to use a controlled vocabulary such as IUGS CGI Compound Material Consituent Part, http://resource.geosciml.org/classifier/cgi/compoundmaterialconstituentpartrole. Terms in the dwciri: namespace are intended to be used in RDF with non-literal objects.",,http://www.w3.org/1999/02/22-rdf-syntax-ns#Property,not in ABCD,http://rs.tdwg.org/dwc/terms/attributes/UseWithIRI,,simple
measuredChemistrySource,Measured Chemistry Source (IRI),A list (concatenated and separated) of resources associated with the reported measured chemistry described specifically enough to allow anyone in the future to use the same resources.,Terms in the dwciri: namespace are intended to be used in RDF with non-literal objects.,,http://www.w3.org/1999/02/22-rdf-syntax-ns#Property,not in ABCD,http://rs.tdwg.org/dwc/terms/attributes/UseWithIRI,,extension
mineralogicalAnalysisProtocol,Mineralogical Analysis Protocol (IRI),A technique used to determine the chemical composition or crystallography of a mineral.,Recommended best practice is to use a controlled vocabulary such as https://vocabs.ardc.edu.au/viewById/650. Terms in the dwciri: namespace are intended to be used in RDF with non-literal objects.,,http://www.w3.org/1999/02/22-rdf-syntax-ns#Property,not in ABCD,http://rs.tdwg.org/dwc/terms/attributes/UseWithIRI,,extension
organismPart,Organism Part (IRI),An anatomical part of a dwc:Organism.,Recommended best practice is to use a controlled vocabulary such as the controlled vocabulary for ac:subjectPart (http://rs.tdwg.org/ac/doc/part/). Terms in the dwciri: namespace are intended to be used in RDF with non-literal objects.,,http://www.w3.org/1999/02/22-rdf-syntax-ns#Property,not in ABCD,http://rs.tdwg.org/dwc/terms/attributes/UseWithIRI,,extension
organismScope,Organism Scope (IRI),A description of the kind of dwc:Organism instance. Can be used to indicate whether the dwc:Organism instance represents a discrete organism or if it represents a particular type of aggregation.,Recommended best practice is to use a controlled vocabulary. Terms in the dwciri: namespace are intended to be used in RDF with non-literal objects.,,http://www.w3.org/1999/02/22-rdf-syntax-ns#Property,not in ABCD,http://rs.tdwg.org/dwc/terms/attributes/UseWithIRI,,simple
recordedBy,Recorded By (IRI),An IRI identifying a dcterms:Agent responsible for recording a dwc:Event.,Terms in the dwciri: namespace are intended to be used in RDF with non-literal objects.,,http://www.w3.org/1999/02/22-rdf-syntax-ns#Property,not in ABCD,http://rs.tdwg.org/dwc/terms/attributes/UseWithIRI,,simple
recordNumber,Record Number (IRI),"An identifier given to the dwc:Occurrence at the time it was recorded. Often serves as a link between field notes and a dwc:MaterialEntity record, such as a specimen collector's number.",The subject is a dwc:Occurrence and the object is a (possibly IRI-identified) resource that is the field notes.,,http://www.w3.org/1999/02/22-rdf-syntax-ns#Property,not in ABCD,http://rs.tdwg.org/dwc/terms/attributes/UseWithIRI,,simple
sampledFeatureType,Sampled Feature Type (IRI),The type of naturally occurring or anthropogenic physical feature from which a dwc:MaterialEntity was sampled.,Terms in the dwciri: namespace are intended to be used in RDF with non-literal objects.,,http://www.w3.org/1999/02/22-rdf-syntax-ns#Property,not in ABCD,http://rs.tdwg.org/dwc/terms/attributes/UseWithIRI,,simple
substrate,Substrate (IRI),A type of biotic or abiotic material to which a dwc:Organism was attached during a dwc:Occurrence.,No inference can be made from this term that a dwc:Organism interacted in any other way than being connected to some (not a particular) material resource of the substrate type (such as during parasitization or decomposition). A host-parasite relationship is better expressed as a dwc:OrganismInteraction. Terms in the dwciri: namespace are intended to be used in RDF with non-literal objects.,,http://www.w3.org/1999/02/22-rdf-syntax-ns#Property,not in ABCD,http://rs.tdwg.org/dwc/terms/attributes/UseWithIRI,,simple
samplingProtocol,Sampling Protocol (IRI),"The methods or protocols used during an eco:Survey, denoted by an IRI.","Recommended best practice is to describe an eco:Survey with no more than one sampling protocol. In the case of a summary eco:Survey in which a specific protocol can not be attributed to specific dwc:Occurrences, the recommended best practice is to repeat the property for each IRI that denotes a different sampling protocol that applies to the dwc:Occurrence.",,http://www.w3.org/1999/02/22-rdf-syntax-ns#Property,not in ABCD,http://rs.tdwg.org/dwc/terms/attributes/UseWithIRI,,extension
materialEntityType,Material Entity Type (IRI),A more generic classification of a dwc:MaterialEntity than dwc:preparations but less broad than dwc:materialEntityCategory.,Recommended best practice is to use a controlled vocabulary. Terms in the dwciri: namespace are intended to be used in RDF with non-literal objects.,,http://www.w3.org/1999/02/22-rdf-syntax-ns#Property,not in ABCD,http://rs.tdwg.org/dwc/terms/attributes/UseWithIRI,,
