term_localName,label,skos_broader,definition,usage,notes,controlled_value_string,skos_inScheme,type
p001,biological control,p045,Organisms occurring in an area because they were introduced for the purpose of biological control of another organism.,,Released intentionally into the (semi)natural environment with the purpose of controlling the population(s) of one or more organisms. See also Harrower et al. 2017 http://nora.nerc.ac.uk/id/eprint/519129,biologicalControl,p,http://www.w3.org/2004/02/skos/core#Concept
p006,conservation or wildlife management,p045,Organisms introduced for conservation purposes or wildlife management.,,The organism was released with the intention of improving its conservation status of the species or the conservation status of other species in the habitat. See also Harrower et al. 2017 http://nora.nerc.ac.uk/id/eprint/519129,conservationOrWildlifeManagement,p,http://www.w3.org/2004/02/skos/core#Concept
p013,farmed animals (including animals left under limited control),p046,"Animals cared for and bred with the specific intention of using their products, such as meat and milk.",,"Farmed animals are generally kept in a defined area, such as a field. See also Harrower et al. 2017 http://nora.nerc.ac.uk/id/eprint/519129",farmedAnimals,p,http://www.w3.org/2004/02/skos/core#Concept
p029,timber trade,p047,"Contaminants on unprocessed timber, processed wood and wood-derived products.","This term excludes packing material and habitat material made from wood that SHOULD be included under their own terms (""packing material"" and ""transportation of habitat material"").","Examples include wooden furniture, sawdust and firewood. See also Harrower et al. 2017 http://nora.nerc.ac.uk/id/eprint/519129",timberTrade,p,http://www.w3.org/2004/02/skos/core#Concept
p037,"organic packing material, in particular wood packaging",p048,"Organic material, particularly unprocessed plant material that is used to pack transported goods.",,"Examples include wooden pallets, boxes, bags and baskets. See also Harrower et al. 2017 http://nora.nerc.ac.uk/id/eprint/519129",packingMaterial,p,http://www.w3.org/2004/02/skos/core#Concept
p041,other means of transport,p048,A catchall term for any transport-related dispersal that is not covered in other terms.,,"Examples include the movement of offshore installations, such as drilling platforms, but also pipeline and cable transport. See also Harrower et al. 2017 http://nora.nerc.ac.uk/id/eprint/519129",otherTransport,p,http://www.w3.org/2004/02/skos/core#Concept
p042,interconnected waterways/basins/seas,p049,Organisms that dispersed through artificial waterways created to connect previously unconnected water bodies. ,"Organisms transported along these corridors in ballast, on as hull fouling SHOULD be categorised under the ""ship/boat ballast water"" or ""ship/boat hull fouling"" terms. ",See also Harrower et al. 2017 http://nora.nerc.ac.uk/id/eprint/519129,waterwaysBasinsSeas,p,http://www.w3.org/2004/02/skos/core#Concept
p049,corridor,p053,"Infrastructures, such as bridges, tunnels and canals, have removed natural barriers to dispersal and allowed a species to move into a novel location.",,See also Harrower et al. 2017 http://nora.nerc.ac.uk/id/eprint/519129,corridor,p,http://www.w3.org/2004/02/skos/core#Concept
p051,intentional,,"Organisms were brought to a new area with the specific intention of keeping them alive in the new region, regardless of whether they were intended to be cultivated or released into the wild.",,See also Harrower et al. 2017 http://nora.nerc.ac.uk/id/eprint/519129,intentional,p,http://www.w3.org/2004/02/skos/core#Concept
