replacing_version,replaced_version_localName
http://rs.tdwg.org/eco/terms/version/absentTaxa-2024-03-26,absentTaxa-2024-02-28
http://rs.tdwg.org/eco/terms/version/compilationSourceTypes-2024-03-26,compilationSourceTypes-2024-02-28
http://rs.tdwg.org/eco/terms/version/compilationTypes-2024-03-26,compilationTypes-2024-02-28
http://rs.tdwg.org/eco/terms/version/eventDurationUnit-2024-03-26,eventDurationUnit-2024-02-28
http://rs.tdwg.org/eco/terms/version/excludedDegreeOfEstablishmentScope-2024-03-26,excludedDegreeOfEstablishmentScope-2024-02-28
http://rs.tdwg.org/eco/terms/version/excludedGrowthFormScope-2024-03-26,excludedGrowthFormScope-2024-02-28
http://rs.tdwg.org/eco/terms/version/excludedHabitatScope-2024-03-26,excludedHabitatScope-2024-02-28
http://rs.tdwg.org/eco/terms/version/excludedLifeStageScope-2024-03-26,excludedLifeStageScope-2024-02-28
http://rs.tdwg.org/eco/terms/version/excludedTaxonomicScope-2024-03-26,excludedTaxonomicScope-2024-02-28
http://rs.tdwg.org/eco/terms/version/geospatialScopeAreaUnit-2024-03-26,geospatialScopeAreaUnit-2024-02-28
http://rs.tdwg.org/eco/terms/version/inventoryTypes-2024-03-26,inventoryTypes-2024-02-28
http://rs.tdwg.org/eco/terms/version/materialSampleTypes-2024-03-26,materialSampleTypes-2024-02-28
http://rs.tdwg.org/eco/terms/version/nonTargetTaxa-2024-03-26,nonTargetTaxa-2024-02-28
http://rs.tdwg.org/eco/terms/version/protocolNames-2024-03-26,protocolNames-2024-02-28
http://rs.tdwg.org/eco/terms/version/samplingEffortProtocol-2024-03-26,samplingEffortProtocol-2024-02-28
http://rs.tdwg.org/eco/terms/version/samplingEffortUnit-2024-03-26,samplingEffortUnit-2024-02-28
http://rs.tdwg.org/eco/terms/version/samplingPerformedBy-2024-03-26,samplingPerformedBy-2024-02-28
http://rs.tdwg.org/eco/terms/version/targetDegreeOfEstablishmentScope-2024-03-26,targetDegreeOfEstablishmentScope-2024-02-28
http://rs.tdwg.org/eco/terms/version/targetGrowthFormScope-2024-03-26,targetGrowthFormScope-2024-02-28
http://rs.tdwg.org/eco/terms/version/targetHabitatScope-2024-03-26,targetHabitatScope-2024-02-28
http://rs.tdwg.org/eco/terms/version/targetLifeStageScope-2024-03-26,targetLifeStageScope-2024-02-28
http://rs.tdwg.org/eco/terms/version/targetTaxonomicScope-2024-03-26,targetTaxonomicScope-2024-02-28
http://rs.tdwg.org/eco/terms/version/taxonCompletenessProtocols-2024-03-26,taxonCompletenessProtocols-2024-02-28
http://rs.tdwg.org/eco/terms/version/taxonCompletenessReported-2024-03-26,taxonCompletenessReported-2024-02-28
http://rs.tdwg.org/eco/terms/version/totalAreaSampledUnit-2024-03-26,totalAreaSampledUnit-2024-02-28
http://rs.tdwg.org/eco/terms/version/isLeastSpecificTargetCategoryQuantityInclusive-2025-06-12,isLeastSpecificTargetCategoryQuantityInclusive-2024-02-28
http://rs.tdwg.org/eco/terms/version/samplingEffortProtocol-2025-06-12,samplingEffortProtocol-2024-03-26
http://rs.tdwg.org/eco/terms/version/areNonTargetTaxaFullyReported-2025-06-12,areNonTargetTaxaFullyReported-2024-02-28
http://rs.tdwg.org/eco/terms/version/samplingPerformedBy-2025-06-12,samplingPerformedBy-2024-03-26
http://rs.tdwg.org/eco/terms/version/geospatialScopeAreaUnit-2025-07-10,geospatialScopeAreaUnit-2024-03-26
http://rs.tdwg.org/eco/terms/version/totalAreaSampledUnit-2025-07-10,totalAreaSampledUnit-2024-03-26
http://rs.tdwg.org/eco/terms/version/targetHabitatScope-2025-07-10,targetHabitatScope-2024-03-26
http://rs.tdwg.org/eco/terms/version/excludedHabitatScope-2025-07-10,excludedHabitatScope-2024-03-26
http://rs.tdwg.org/eco/terms/version/eventDurationUnit-2025-07-10,eventDurationUnit-2024-03-26
http://rs.tdwg.org/eco/terms/version/targetTaxonomicScope-2025-07-10,targetTaxonomicScope-2024-03-26
http://rs.tdwg.org/eco/terms/version/excludedTaxonomicScope-2025-07-10,excludedTaxonomicScope-2024-03-26
http://rs.tdwg.org/eco/terms/version/taxonCompletenessReported-2025-07-10,taxonCompletenessReported-2024-03-26
http://rs.tdwg.org/eco/terms/version/taxonCompletenessProtocols-2025-07-10,taxonCompletenessProtocols-2024-03-26
http://rs.tdwg.org/eco/terms/version/absentTaxa-2025-07-10,absentTaxa-2024-03-26
http://rs.tdwg.org/eco/terms/version/nonTargetTaxa-2025-07-10,nonTargetTaxa-2024-03-26
http://rs.tdwg.org/eco/terms/version/targetLifeStageScope-2025-07-10,targetLifeStageScope-2024-03-26
http://rs.tdwg.org/eco/terms/version/excludedLifeStageScope-2025-07-10,excludedLifeStageScope-2024-03-26
http://rs.tdwg.org/eco/terms/version/targetDegreeOfEstablishmentScope-2025-07-10,targetDegreeOfEstablishmentScope-2024-03-26
http://rs.tdwg.org/eco/terms/version/excludedDegreeOfEstablishmentScope-2025-07-10,excludedDegreeOfEstablishmentScope-2024-03-26
http://rs.tdwg.org/eco/terms/version/targetGrowthFormScope-2025-07-10,targetGrowthFormScope-2024-03-26
http://rs.tdwg.org/eco/terms/version/excludedGrowthFormScope-2025-07-10,excludedGrowthFormScope-2024-03-26
http://rs.tdwg.org/eco/terms/version/compilationTypes-2025-07-10,compilationTypes-2024-03-26
http://rs.tdwg.org/eco/terms/version/compilationSourceTypes-2025-07-10,compilationSourceTypes-2024-03-26
http://rs.tdwg.org/eco/terms/version/inventoryTypes-2025-07-10,inventoryTypes-2024-03-26
http://rs.tdwg.org/eco/terms/version/protocolNames-2025-07-10,protocolNames-2024-03-26
http://rs.tdwg.org/eco/terms/version/materialSampleTypes-2025-07-10,materialSampleTypes-2024-03-26
http://rs.tdwg.org/eco/terms/version/samplingPerformedBy-2025-07-10,samplingPerformedBy-2025-06-12
http://rs.tdwg.org/eco/terms/version/samplingEffortProtocol-2025-07-10,samplingEffortProtocol-2025-06-12
http://rs.tdwg.org/eco/terms/version/samplingEffortUnit-2025-07-10,samplingEffortUnit-2024-03-26
http://rs.tdwg.org/eco/terms/version/Survey-2026-09-17,Survey-2026-05-26
http://rs.tdwg.org/eco/terms/version/absentTaxa-2026-09-17,absentTaxa-2025-07-10
http://rs.tdwg.org/eco/terms/version/areNonTargetTaxaFullyReported-2026-09-17,areNonTargetTaxaFullyReported-2025-06-12
http://rs.tdwg.org/eco/terms/version/compilationSourceTypes-2026-09-17,compilationSourceTypes-2025-07-10
http://rs.tdwg.org/eco/terms/version/compilationTypes-2026-09-17,compilationTypes-2025-07-10
http://rs.tdwg.org/eco/terms/version/excludedDegreeOfEstablishmentScope-2026-09-17,excludedDegreeOfEstablishmentScope-2025-07-10
http://rs.tdwg.org/eco/terms/version/excludedGrowthFormScope-2026-09-17,excludedGrowthFormScope-2025-07-10
http://rs.tdwg.org/eco/terms/version/excludedHabitatScope-2026-09-17,excludedHabitatScope-2025-07-10
http://rs.tdwg.org/eco/terms/version/excludedLifeStageScope-2026-09-17,excludedLifeStageScope-2025-07-10
http://rs.tdwg.org/eco/terms/version/excludedTaxonomicScope-2026-09-17,excludedTaxonomicScope-2025-07-10
http://rs.tdwg.org/eco/terms/version/geospatialScopeAreaUnit-2026-09-17,geospatialScopeAreaUnit-2025-07-10
http://rs.tdwg.org/eco/terms/version/geospatialScopeAreaValue-2026-09-17,geospatialScopeAreaValue-2024-02-28
http://rs.tdwg.org/eco/terms/version/hasMaterialSamples-2026-09-17,hasMaterialSamples-2024-02-28
http://rs.tdwg.org/eco/terms/version/hasNonTargetOrganisms-2026-09-17,hasNonTargetOrganisms-2024-02-28
http://rs.tdwg.org/eco/terms/version/hasNonTargetTaxa-2026-09-17,hasNonTargetTaxa-2024-02-28
http://rs.tdwg.org/eco/terms/version/hasVouchers-2026-09-17,hasVouchers-2024-02-28
http://rs.tdwg.org/eco/terms/version/inventoryTypes-2026-09-17,inventoryTypes-2025-07-10
http://rs.tdwg.org/eco/terms/version/isAbsenceReported-2026-09-17,isAbsenceReported-2024-02-28
http://rs.tdwg.org/eco/terms/version/isAbundanceCapReported-2026-09-17,isAbundanceCapReported-2024-02-28
http://rs.tdwg.org/eco/terms/version/isAbundanceReported-2026-09-17,isAbundanceReported-2024-02-28
http://rs.tdwg.org/eco/terms/version/isDegreeOfEstablishmentScopeFullyReported-2026-09-17,isDegreeOfEstablishmentScopeFullyReported-2024-02-28
http://rs.tdwg.org/eco/terms/version/isGrowthFormScopeFullyReported-2026-09-17,isGrowthFormScopeFullyReported-2024-02-28
http://rs.tdwg.org/eco/terms/version/isLeastSpecificTargetCategoryQuantityInclusive-2026-09-17,isLeastSpecificTargetCategoryQuantityInclusive-2025-06-12
http://rs.tdwg.org/eco/terms/version/isLifeStageScopeFullyReported-2026-09-17,isLifeStageScopeFullyReported-2024-02-28
http://rs.tdwg.org/eco/terms/version/isSamplingEffortReported-2026-09-17,isSamplingEffortReported-2024-02-28
http://rs.tdwg.org/eco/terms/version/isTaxonomicScopeFullyReported-2026-09-17,isTaxonomicScopeFullyReported-2024-02-28
http://rs.tdwg.org/eco/terms/version/isVegetationCoverReported-2026-09-17,isVegetationCoverReported-2024-02-28
http://rs.tdwg.org/eco/terms/version/materialSampleTypes-2026-09-17,materialSampleTypes-2025-07-10
http://rs.tdwg.org/eco/terms/version/nonTargetTaxa-2026-09-17,nonTargetTaxa-2025-07-10
http://rs.tdwg.org/eco/terms/version/protocolDescriptions-2026-09-17,protocolDescriptions-2024-02-28
http://rs.tdwg.org/eco/terms/version/protocolNames-2026-09-17,protocolNames-2025-07-10
http://rs.tdwg.org/eco/terms/version/protocolReferences-2026-09-17,protocolReferences-2024-02-28
http://rs.tdwg.org/eco/terms/version/samplingEffortProtocol-2026-09-17,samplingEffortProtocol-2025-07-10
http://rs.tdwg.org/eco/terms/version/samplingEffortUnit-2026-09-17,samplingEffortUnit-2025-07-10
http://rs.tdwg.org/eco/terms/version/samplingEffortValue-2026-09-17,samplingEffortValue-2024-02-28
http://rs.tdwg.org/eco/terms/version/samplingPerformedBy-2026-09-17,samplingPerformedBy-2025-07-10
http://rs.tdwg.org/eco/terms/version/siteCount-2026-09-17,siteCount-2024-02-28
http://rs.tdwg.org/eco/terms/version/siteNestingDescription-2026-09-17,siteNestingDescription-2024-02-28
http://rs.tdwg.org/eco/terms/version/targetDegreeOfEstablishmentScope-2026-09-17,targetDegreeOfEstablishmentScope-2025-07-10
http://rs.tdwg.org/eco/terms/version/targetGrowthFormScope-2026-09-17,targetGrowthFormScope-2025-07-10
http://rs.tdwg.org/eco/terms/version/targetHabitatScope-2026-09-17,targetHabitatScope-2025-07-10
http://rs.tdwg.org/eco/terms/version/targetLifeStageScope-2026-09-17,targetLifeStageScope-2025-07-10
http://rs.tdwg.org/eco/terms/version/targetTaxonomicScope-2026-09-17,targetTaxonomicScope-2025-07-10
http://rs.tdwg.org/eco/terms/version/taxonCompletenessProtocols-2026-09-17,taxonCompletenessProtocols-2025-07-10
http://rs.tdwg.org/eco/terms/version/taxonCompletenessReported-2026-09-17,taxonCompletenessReported-2025-07-10
http://rs.tdwg.org/eco/terms/version/totalAreaSampledUnit-2026-09-17,totalAreaSampledUnit-2025-07-10
http://rs.tdwg.org/eco/terms/version/totalAreaSampledValue-2026-09-17,totalAreaSampledValue-2024-02-28
http://rs.tdwg.org/eco/terms/version/verbatimSiteDescriptions-2026-09-17,verbatimSiteDescriptions-2024-02-28
http://rs.tdwg.org/eco/terms/version/verbatimSiteNames-2026-09-17,verbatimSiteNames-2024-02-28
http://rs.tdwg.org/eco/terms/version/verbatimTargetScope-2026-09-17,verbatimTargetScope-2024-02-28
http://rs.tdwg.org/eco/terms/version/voucherInstitutions-2026-09-17,voucherInstitutions-2024-02-28
http://rs.tdwg.org/eco/terms/version/abundanceCap-2026-09-17,abundanceCap-2024-02-28
